from,to,type
/1352/aparador-cantinho-do-café-rubi-lukaliam,/aparador-cantinho-do-cafe-rubi-lukaliam/p,permanent
/943/aparador-milão-toque-bp-1-gaveta-lukaliam,/aparador-milao-toque-bp-1-gaveta-lukaliam/p,permanent
/301/aparador-para-sala-de-jantar-menphis-henn,/aparador-para-sala-de-jantar-menphis-henn/p,permanent
/56/armário-aéreo-1-porta-basculante-120cm-lótus-kappesberg,/armario-aereo-1-porta-basculante-120cm-lotus-kappesberg/p,permanent
/167/armário-aéreo-1-porta-com-cobogó-60cm-lótus-kappesberg,/armario-aereo-1-porta-com-cobogo-60cm-lotus-kappesberg/p,permanent
/21/armário-aéreo-3-portas-com-cobogó-120cm-lótus-kappesberg,/armario-aereo-3-portas-com-cobogo-120cm-lotus-kappesberg/p,permanent
/338/armário-aéreo-60cm-1-porta-com-vidro-maxxi-kappesberg,/armario-aereo-60cm-1-porta-com-vidro-maxxi-kappesberg/p,permanent
/839/armário-aéreo-bm300-1-porta-basculante-b221-briz,/armario-aereo-bm300-1-porta-basculante-b221-briz/p,permanent
/400/armário-aéreo-de-cozinha-3-portas-com-vidro-pérola-telasul,/armario-aereo-de-cozinha-3-portas-com-vidro-perola-telasul/p,permanent
/1449/armário-aéreo-de-cozinha-ágata-3-portas-com-vidro-817007-telasul,/armario-aereo-de-cozinha-agata-3-portas-com-vidro-817007-telasul/p,permanent
/1091/armário-aéreo-firenze-120cm-3-portas-94331-demóbile,/armario-aereo-firenze-120cm-3-portas-94331-demobile/p,permanent
/1090/armário-aéreo-firenze-70cm-1-porta-94101-demóbile,/armario-aereo-firenze-70cm-1-porta-94101-demobile/p,permanent
/1092/armário-aéreo-firenze-80cm-2-portas-94241-demóbile,/armario-aereo-firenze-80cm-2-portas-94241-demobile/p,permanent
/1441/armário-aéreo-maxxi-120cm-3-portas-de-vidro-g767-kappesberg,/armario-aereo-maxxi-120cm-3-portas-de-vidro-g767-kappesberg/p,permanent
/1440/armário-aéreo-maxxi-60cm-1-porta-g762-kappesberg,/armario-aereo-maxxi-60cm-1-porta-g762-kappesberg/p,permanent
/149/armário-aéreo-triplo-de-cozinha-3-portas-com-vidro-maxxi-kappesberg,/armario-aereo-triplo-de-cozinha-3-portas-com-vidro-maxxi-kappesberg/p,permanent
/654/armário-aéreo-triplo-médio-rubi-3-portas-telasul,/armario-aereo-triplo-medio-rubi-3-portas-telasul/p,permanent
/1227/armário-arquivo-office-versátil-4-gavetas-com-chave-1004a-kappesberg,/armario-arquivo-office-versatil-4-gavetas-com-chave-1004a-kappesberg/p,permanent
/1228/armário-balcão-office-versátil-com-chave-1011a-kappesberg,/armario-balcao-office-versatil-com-chave-1011a-kappesberg/p,permanent
/117/armário-de-cozinha-torre-de-fornos-4-portas-70cm-lótus-kappesberg,/armario-de-cozinha-torre-de-fornos-4-portas-70cm-lotus-kappesberg/p,permanent
/22/armário-maxxi-70cm-4-portas-para-forno-kappesberg,/armario-maxxi-70cm-4-portas-para-forno-kappesberg/p,permanent
/1176/armário-multiuso-bambu-em-mdf-com-2-portas-chave-e-pés-madeform,/armario-multiuso-bambu-em-mdf-com-2-portas-chave-e-pes-madeform/p,permanent
/988/armário-multiuso-nicho-office-em-mdf-com-5-nichos-tuboarte,/armario-multiuso-nicho-office-em-mdf-com-5-nichos-tuboarte/p,permanent
/1389/armário-multiuso-para-escritório-com-2-portas-56118-notável,/armario-multiuso-para-escritorio-com-2-portas-56118-notavel/p,permanent
/1393/armário-multiuso-para-lavanderia-com-2-portas-nt4015-notável,/armario-multiuso-para-lavanderia-com-2-portas-nt4015-notavel/p,permanent
/1229/armário-office-versátil-alto-com-chave-1013a-kappesberg,/armario-office-versatil-alto-com-chave-1013a-kappesberg/p,permanent
/894/aspirador-de-pó-e-água-20-litros-1600w-gtw-wap,/aspirador-de-po-e-agua-20-litros-1600w-gtw-wap/p,permanent
/895/aspirador-de-pó-e-água-6-litros-1400w-gtw-bagless-wap,/aspirador-de-po-e-agua-6-litros-1400w-gtw-bagless-wap/p,permanent
/1255/aspirador-de-pó-e-água-pas10-1000w-philco,/aspirador-de-po-e-agua-pas10-1000w-philco/p,permanent
/1256/aspirador-de-pó-e-água-pas3200-1250w-philco,/aspirador-de-po-e-agua-pas3200-1250w-philco/p,permanent
/842/balcão-bm300-80cm-2-gavetas-b219-briz,/balcao-bm300-80cm-2-gavetas-b219-briz/p,permanent
/64/balcão-de-cozinha-1-porta-4-gavetas-120cm-maxxi-kappesberg,/balcao-de-cozinha-1-porta-4-gavetas-120cm-maxxi-kappesberg/p,permanent
/450/balcão-de-cozinha-60cm-com-1-porta-maxxi-kappesberg,/balcao-de-cozinha-60cm-com-1-porta-maxxi-kappesberg/p,permanent
/1450/balcão-de-cozinha-ágata-3-portas-e-3-gavetas-com-tampo-817108-telasul,/balcao-de-cozinha-agata-3-portas-e-3-gavetas-com-tampo-817108-telasul/p,permanent
/835/balcão-de-cozinha-botanic-80cm-2-portas-m623-kappesberg,/balcao-de-cozinha-botanic-80cm-2-portas-m623-kappesberg/p,permanent
/348/balcão-de-cozinha-lótus-60cm-com-1-porta-kappesberg,/balcao-de-cozinha-lotus-60cm-com-1-porta-kappesberg/p,permanent
/1437/balcão-de-cozinha-maxxi-com-tampo-120cm-1-porta-e-4-gavetas-g746-s515-kappesberg,/balcao-de-cozinha-maxxi-com-tampo-120cm-1-porta-e-4-gavetas-g746-s515-kappesberg/p,permanent
/1436/balcão-de-cozinha-maxxi-com-tampo-60cm-1-porta-g742-s510-kappesberg,/balcao-de-cozinha-maxxi-com-tampo-60cm-1-porta-g742-s510-kappesberg/p,permanent
/1392/balcão-de-cozinha-multiuso-com-espaço-para-micro-ondas-nt3070-notável,/balcao-de-cozinha-multiuso-com-espaco-para-micro-ondas-nt3070-notavel/p,permanent
/113/balcão-de-cozinha-para-pia-com-2-portas-3-gavetas-lótus-kappesberg,/balcao-de-cozinha-para-pia-com-2-portas-3-gavetas-lotus-kappesberg/p,permanent
/85/balcão-de-cozinha-rubi-3-gavetas-com-tampo-telasul,/balcao-de-cozinha-rubi-3-gavetas-com-tampo-telasul/p,permanent
/275/balcão-de-cozinha-topázio-3-portas-1-gaveta-telasul,/balcao-de-cozinha-topazio-3-portas-1-gaveta-telasul/p,permanent
/1150/balcão-firenze-120cm-3-portas-e-2-gavetas-com-tampo-93241-demóbile,/balcao-firenze-120cm-3-portas-e-2-gavetas-com-tampo-93241-demobile/p,permanent
/1151/balcão-firenze-80cm-2-portas-com-tampo-93221-demóbile,/balcao-firenze-80cm-2-portas-com-tampo-93221-demobile/p,permanent
/1128/balcão-karine-2-portas-3-gavetas-em-mdf-premium-madeform,/balcao-karine-2-portas-3-gavetas-em-mdf-premium-madeform/p,permanent
/324/balcão-para-cooktop-nt3050-com-1-gaveta-notável,/balcao-para-cooktop-nt3050-com-1-gaveta-notavel/p,permanent
/1138/balcão-sofia-2-portas-2-gavetas-em-mdf-premium-com-pés-madeform,/balcao-sofia-2-portas-2-gavetas-em-mdf-premium-com-pes-madeform/p,permanent
/970/balcão-versalhes-para-cozinha-em-mdp-3-portas-e-1-gaveta-kits-paraná,/balcao-versalhes-para-cozinha-em-mdp-3-portas-e-1-gaveta-kits-parana/p,permanent
/652/bancada-dallas-3-portas-2-prateleiras-5-nichos-lukaliam,/bancada-dallas-3-portas-2-prateleiras-5-nichos-lukaliam/p,permanent
/758/bancada-nt1175-c--porta-com-tela-notável,/bancada-nt1175-c--porta-com-tela-notavel/p,permanent
/700/bancada-suspensa-supreme-frizz-2-portas-madetec,/bancada-suspensa-supreme-frizz-2-portas-madetec/p,permanent
/1106/base-box-atenas-queen-158x198x30cm-topázio,/base-box-atenas-queen-158x198x30cm-topazio/p,permanent
/1141/base-box-black-solteirão-108x198x30cm-ortobom,/base-box-black-solteirao-108x198x30cm-ortobom/p,permanent
/1234/base-box-casal-138x188x27cm-france-londres-gazin,/base-box-casal-138x188x27cm-france-londres-gazin/p,permanent
/231/base-box-casal-186x198cm-ortobom,/base-box-casal-186x198cm-ortobom/p,permanent
/477/base-box-casal-bom-sono-poliéster-138x188cm-eurosono,/base-box-casal-bom-sono-poliester-138x188cm-eurosono/p,permanent
/800/base-box-casal-love-story-black-confort-138x188x27cm-gazin,/base-box-casal-love-story-black-confort-138x188x27cm-gazin/p,permanent
/1460/base-box-casal-new-york-138x188x27cm-gazin,/base-box-casal-new-york-138x188x27cm-gazin/p,permanent
/469/base-box-casal-quenn-158x198cm-ortobom,/base-box-casal-quenn-158x198cm-ortobom/p,permanent
/452/base-box-casal-romance-158x198cm-eurosono,/base-box-casal-romance-158x198cm-eurosono/p,permanent
/460/base-box-solteiro-88x188cm-ortobom,/base-box-solteiro-88x188cm-ortobom/p,permanent
/1216/base-box-solteiro-88x188x27cm-france-londres-gazin,/base-box-solteiro-88x188x27cm-france-londres-gazin/p,permanent
/643/base-box-solteiro-atenas-88x188x30cm-topazio,/base-box-solteiro-atenas-88x188x30cm-topazio/p,permanent
/1236/base-box-unitária-para-conjunto-king-96x203x27cm-france-londres-gazin,/base-box-unitaria-para-conjunto-king-96x203x27cm-france-londres-gazin/p,permanent
/1235/base-box-unitária-para-conjunto-queen-79x198x27cm-france-londres-gazin,/base-box-unitaria-para-conjunto-queen-79x198x27cm-france-londres-gazin/p,permanent
/584/base-casal-material-sintético-138x188x30cm-ortobom,/base-casal-material-sintetico-138x188x30cm-ortobom/p,permanent
/617/base-good-like-bossa-nova-138x188x27cm-gazin,/base-good-like-bossa-nova-138x188x27cm-gazin/p,permanent
/613/base-king-size-cori-black-material-sintético-193x203x30cm-ortobom,/base-king-size-cori-black-material-sintetico-193x203x30cm-ortobom/p,permanent
/464/base-para-cama-box-casal-138x188cm-ortobom,/base-para-cama-box-casal-138x188cm-ortobom/p,permanent
/473/base-para-cama-box-casal-atenas-138x188cm-topazio,/base-para-cama-box-casal-atenas-138x188cm-topazio/p,permanent
/616/base-poliester-138x188x27cm-com-pés-em-pvc-gazin,/base-poliester-138x188x27cm-com-pes-em-pvc-gazin/p,permanent
/574/base-poliester-88x188x27cm-com-pés-em-pvc-gazin,/base-poliester-88x188x27cm-com-pes-em-pvc-gazin/p,permanent
/585/base-queen-size-em-material-sintético-158x198x30cm-ortobom,/base-queen-size-em-material-sintetico-158x198x30cm-ortobom/p,permanent
/890/base-unitária-para-conjunto-queen-primeline-hr-79x198x37cm-gazin,/base-unitaria-para-conjunto-queen-primeline-hr-79x198x37cm-gazin/p,permanent
/1002/batedeira-planetária-daily-600w-8-velocidades-sx87-arno,/batedeira-planetaria-daily-600w-8-velocidades-sx87-arno/p,permanent
/1003/batedeira-planetária-super-chef-750w-5-litros-15-velocidades-km02-arno,/batedeira-planetaria-super-chef-750w-5-litros-15-velocidades-km02-arno/p,permanent
/69/bebedouro-de-coluna-egcqf-he-esmaltec,/bebedouro-de-coluna-egcqf-he-esmaltec/p,permanent
/335/bebedouro-de-coluna-refrigerado-por-compressor-egc35b-esmaltec,/bebedouro-de-coluna-refrigerado-por-compressor-egc35b-esmaltec/p,permanent
/136/bebedouro-de-coluna-sistema-easy-open-egc35b-esmaltec,/bebedouro-de-coluna-sistema-easy-open-egc35b-esmaltec/p,permanent
/60/bebedouro-de-garrafão-egc35b-água-gelada-esmaltec,/bebedouro-de-garrafao-egc35b-agua-gelada-esmaltec/p,permanent
/produto/409/bebedouro-de-garrafão-egm30-Água-gelada-esmaltec,/bebedouro-de-garrafao-egm30-agua-gelada-esmaltec/p,permanent
/277/bebedouro-de-mesa-função-mix-egm30-esmaltec,/bebedouro-de-mesa-funcao-mix-egm30-esmaltec/p,permanent
/1267/beliche-isabela-em-mdf-salleto,/beliche-isabela-em-mdf-salleto/p,permanent
/9/berço-mini-cama-bala-de-menta-henn,/berco-mini-cama-bala-de-menta-henn/p,permanent
/1203/berço-otto-baby-love-em-mdf-com-selo-inmetro-tuboarte,/berco-otto-baby-love-em-mdf-com-selo-inmetro-tuboarte/p,permanent
/985/berço-otto-em-mdf-com-selo-inmetro-tuboarte,/berco-otto-em-mdf-com-selo-inmetro-tuboarte/p,permanent
/1204/berço-otto-urso-marinheiro-em-mdf-com-selo-inmetro-tuboarte,/berco-otto-urso-marinheiro-em-mdf-com-selo-inmetro-tuboarte/p,permanent
/1012/bibox-espuma-brilhante-solteiro-88x188x43cm-topázio,/bibox-espuma-brilhante-solteiro-88x188x43cm-topazio/p,permanent
/1053/bibox-premium-solteiro-88x188x51cm-molas-ensacadas-superior-e-espuma-inferior-thais,/bibox-premium-solteiro-88x188x51cm-molas-ensacadas-superior-e-espuma-inferior-thais/p,permanent
/49/bicicleta-14819d-aro-26-gps-21-marchas-dupla-suspensão-feminina-colli,/bicicleta-14819d-aro-26-gps-21-marchas-dupla-suspensao-feminina-colli/p,permanent
/413/bicicleta-53172dmtb-aro-29-disco-shimano-21-marchas-colli,/bicicleta-53172dmtb-aro-29-disco-shimano-21-marchas-colli/p,permanent
/971/bicicleta-allegra-aro-26-aero-com-cesta-153-colli,/bicicleta-allegra-aro-26-aero-com-cesta-153-colli/p,permanent
/666/bicicleta-aro-26-bella-mtb-21m-com-cesta-cairu,/bicicleta-aro-26-bella-mtb-21m-com-cesta-cairu/p,permanent
/351/bicicleta-aro-26-flash-mtb-21-marchas-freio-v-break-cairu,/bicicleta-aro-26-flash-mtb-21-marchas-freio-v-break-cairu/p,permanent
/102/bicicleta-athena-aro-29-suspensão-dianteira-21-velocidades-colli,/bicicleta-athena-aro-29-suspensao-dianteira-21-velocidades-colli/p,permanent
/972/bicicleta-cb500-aro-26-com-18-marchas-129-colli,/bicicleta-cb500-aro-26-com-18-marchas-129-colli/p,permanent
/668/bicicleta-esportiva-14813d-aro-26-dupla-suspensão-colli,/bicicleta-esportiva-14813d-aro-26-dupla-suspensao-colli/p,permanent
/3/bicicleta-infantil-aro-12-flower-lilly-com-rodinhas-cairu,/bicicleta-infantil-aro-12-flower-lilly-com-rodinhas-cairu/p,permanent
/667/bicicleta-infantil-aro-12-lion-black-cairu,/bicicleta-infantil-aro-12-lion-black-cairu/p,permanent
/974/bicicleta-july-aro-20-infantil-feminina-107-colli,/bicicleta-july-aro-20-infantil-feminina-107-colli/p,permanent
/973/bicicleta-max-boy-aro-20-infantil-masculina-106-colli,/bicicleta-max-boy-aro-20-infantil-masculina-106-colli/p,permanent
/670/bicicleta-reb-star-girl-aro-20-feminina-cairu,/bicicleta-reb-star-girl-aro-20-feminina-cairu/p,permanent
/152/bicicleta-super-boy-aro-20-aço-cairu,/bicicleta-super-boy-aro-20-aco-cairu/p,permanent
/270/bicicleta-twister-easy-aro-26-7-velocidades-caloi,/bicicleta-twister-easy-aro-26-7-velocidades-caloi/p,permanent
/963/buffet-califórnia-com-2-portas-lukaliam,/buffet-california-com-2-portas-lukaliam/p,permanent
/427/buffet-quartzo-em-mdp-henn,/buffet-quartzo-em-mdp-henn/p,permanent
/742/cabeceira-box-casal-florida-138-jw,/cabeceira-box-casal-florida-138-jw/p,permanent
/232/cabeceira-box-regulável-novitá-painel-com-espelho-lopas,/cabeceira-box-regulavel-novita-painel-com-espelho-lopas/p,permanent
/927/cabeceira-laranjeiras-em-ripado-241cm-com-frame-linea-brasil,/cabeceira-laranjeiras-em-ripado-241cm-com-frame-linea-brasil/p,permanent
/177/cabeceira-regulável-g290-com-2-gavetas-kappesberg,/cabeceira-regulavel-g290-com-2-gavetas-kappesberg/p,permanent
/1178/cabeceira-silver-para-cama-casal-madeform,/cabeceira-silver-para-cama-casal-madeform/p,permanent
/951/cabeceira-solteiro-bronze-tuboarte,/cabeceira-solteiro-bronze-tuboarte/p,permanent
/793/cadeira-aviador-abilio,/cadeira-aviador-abilio/p,permanent
/1210/cadeira-de-jantar-athenas-lopas,/cadeira-de-jantar-athenas-lopas/p,permanent
/1019/caixa-amplificada-aca-1300-new-x-1300w-amvox,/caixa-amplificada-aca-1300-new-x-1300w-amvox/p,permanent
/878/caixa-amplificada-aca-1900-new-x-1900w-amvox,/caixa-amplificada-aca-1900-new-x-1900w-amvox/p,permanent
/876/caixa-amplificada-aca-221-gigante-ii-220w-amvox,/caixa-amplificada-aca-221-gigante-ii-220w-amvox/p,permanent
/877/caixa-amplificada-aca-550-strondo-ii-550w-amvox,/caixa-amplificada-aca-550-strondo-ii-550w-amvox/p,permanent
/1445/caixa-amplificada-aca-600-bagvox-bluetooth-600w-amvox,/caixa-amplificada-aca-600-bagvox-bluetooth-600w-amvox/p,permanent
/1431/caixa-amplificada-pulse-burst-sp402-250w-rms-8-polegadas-multilaser,/caixa-amplificada-pulse-burst-sp402-250w-rms-8-polegadas-multilaser/p,permanent
/1434/caixa-amplificada-pulse-burst-sp403e-550w-rms-12-polegadas-multilaser,/caixa-amplificada-pulse-burst-sp403e-550w-rms-12-polegadas-multilaser/p,permanent
/937/caixa-amplificada-pulse-flamebox-2x8-polegadas-800w-sp503-multilaser,/caixa-amplificada-pulse-flamebox-2x8-polegadas-800w-sp503-multilaser/p,permanent
/1335/caixa-de-som-200w-tax3705-78-bluetooth-philips,/caixa-de-som-200w-tax3705-78-bluetooth-philips/p,permanent
/1334/caixa-de-som-80w-tax3206-78-bluetooth-philips,/caixa-de-som-80w-tax3206-78-bluetooth-philips/p,permanent
/1233/caixa-de-som-amplificada-gt-evoke-1000w-bluetooth-tws-goldentec,/caixa-de-som-amplificada-gt-evoke-1000w-bluetooth-tws-goldentec/p,permanent
/886/caixa-de-som-mini-pulsebox-30w-sp603-multilaser,/caixa-de-som-mini-pulsebox-30w-sp603-multilaser/p,permanent
/1435/caixa-de-som-pulsebox-2-1100w-bluetooth-sp510-multilaser,/caixa-de-som-pulsebox-2-1100w-bluetooth-sp510-multilaser/p,permanent
/45/cama-de-solteiro-s821-em-mdp-kappesberg,/cama-de-solteiro-s821-em-mdp-kappesberg/p,permanent
/1194/cama-infantil-happy-princesas-em-mdf-com-proteção-lateral-tuboarte,/cama-infantil-happy-princesas-em-mdf-com-protecao-lateral-tuboarte/p,permanent
/1195/cama-infantil-happy-urso-marinheiro-em-mdf-com-proteção-lateral-tuboarte,/cama-infantil-happy-urso-marinheiro-em-mdf-com-protecao-lateral-tuboarte/p,permanent
/1196/cama-infantil-laura-casa-de-boneca-em-mdf-com-proteção-lateral-tuboarte,/cama-infantil-laura-casa-de-boneca-em-mdf-com-protecao-lateral-tuboarte/p,permanent
/103/cama-infantil-veloz-carro-em-mdf-tuboarte,/cama-infantil-veloz-carro-em-mdf-tuboarte/p,permanent
/635/cama-mad-infantil-cavalinho-tuboarte,/cama-mad-infantil-cavalinho-tuboarte/p,permanent
/111/cama-solteiro-s821-estrutura-em-mdp-kappesberg,/cama-solteiro-s821-estrutura-em-mdp-kappesberg/p,permanent
/1341/central-de-ar-split-12000btus-inverter-airvolution-38tvcc12s5-42afvch12s5-midea,/central-de-ar-split-12000btus-inverter-airvolution-38tvcc12s5-42afvch12s5-midea/p,permanent
/1340/central-de-ar-split-12000btus-inverter-xtreme-save-conect-38agvcc12m5-42agvcc12m5-midea,/central-de-ar-split-12000btus-inverter-xtreme-save-conect-38agvcc12m5-42agvcc12m5-midea/p,permanent
/1339/central-de-ar-split-9000btus-inverter-xtreme-save-conect-38agvcc09m5-42agvcc09m5-midea,/central-de-ar-split-9000btus-inverter-xtreme-save-conect-38agvcc09m5-42agvcc09m5-midea/p,permanent
/661/cervejeira-82-litros-frost-free-90w-czd12-consul,/cervejeira-82-litros-frost-free-90w-czd12-consul/p,permanent
/515/cervejeira-com-1-porta-vertical-82-litros-frost-free-czd12-consul,/cervejeira-com-1-porta-vertical-82-litros-frost-free-czd12-consul/p,permanent
/487/climatizador-3-velocidades-70-litros-210w-cli70pro-02-ventisol,/climatizador-3-velocidades-70-litros-210w-cli70pro-02-ventisol/p,permanent
/710/climatizador-cli45-pro-45-litros-210w-ventisol,/climatizador-cli45-pro-45-litros-210w-ventisol/p,permanent
/381/coifa-de-parede-90cm-vidro-curvo-dupla-filtragem-cap90-consul,/coifa-de-parede-90cm-vidro-curvo-dupla-filtragem-cap90-consul/p,permanent
/898/coifa-de-parede-fit-90cm-com-vidro-e-led-fischer,/coifa-de-parede-fit-90cm-com-vidro-e-led-fischer/p,permanent
/798/colchão-airtech-d26-super-pocket-king-193x203x30-ortobom,/colchao-airtech-d26-super-pocket-king-193x203x30-ortobom/p,permanent
/797/colchão-airtech-d26-super-pocket-solteiro-88x188x30-ortobom,/colchao-airtech-d26-super-pocket-solteiro-88x188x30-ortobom/p,permanent
/939/colchão-airtech-super-pocket-solteirão-108x198x30-ortobom,/colchao-airtech-super-pocket-solteirao-108x198x30-ortobom/p,permanent
/586/colchão-baby-physical-d18-60x130x10cm-ortobom,/colchao-baby-physical-d18-60x130x10cm-ortobom/p,permanent
/587/colchão-baby-physical-d18-70x130x10cm-ortobom,/colchao-baby-physical-d18-70x130x10cm-ortobom/p,permanent
/910/colchão-black-confort-solteiro-88x188x31cm-d28-ortopédico-eps-tampo-em-malha-gazin,/colchao-black-confort-solteiro-88x188x31cm-d28-ortopedico-eps-tampo-em-malha-gazin/p,permanent
/803/colchão-casal-black-confort-ortopédico-eps-d28-selado-138x188x31-gazin,/colchao-casal-black-confort-ortopedico-eps-d28-selado-138x188x31-gazin/p,permanent
/591/colchão-casal-d20-138x188x17cm-physical-resistente-ortobom,/colchao-casal-d20-138x188x17cm-physical-resistente-ortobom/p,permanent
/804/colchão-casal-love-story-eps-molas-ensacadas-138x188x30-gazin,/colchao-casal-love-story-eps-molas-ensacadas-138x188x30-gazin/p,permanent
/1123/colchão-casal-new-york-138x188x26cm-molas-ensacadas-gazin,/colchao-casal-new-york-138x188x26cm-molas-ensacadas-gazin/p,permanent
/214/colchão-casal-physical-ultra-espuma-d26-antiácaro-e-antialérgico-ortobom,/colchao-casal-physical-ultra-espuma-d26-antiacaro-e-antialergico-ortobom/p,permanent
/609/colchão-casal-queens-138x188x34cm-molas-ensacadas-gazin,/colchao-casal-queens-138x188x34cm-molas-ensacadas-gazin/p,permanent
/84/colchão-casal-romance-com-1-eurotop-158x198cm-eurosono,/colchao-casal-romance-com-1-eurotop-158x198cm-eurosono/p,permanent
/120/colchão-casal-ultra-physical-espuma-d26-antiácaro-e-antialérgico-ortobom,/colchao-casal-ultra-physical-espuma-d26-antiacaro-e-antialergico-ortobom/p,permanent
/589/colchão-d20-78x188x14cm-physical-resistente-ortobom,/colchao-d20-78x188x14cm-physical-resistente-ortobom/p,permanent
/590/colchão-d20-88x188x17cm-physical-resistente-ortobom,/colchao-d20-88x188x17cm-physical-resistente-ortobom/p,permanent
/593/colchão-de-casal-d20-138x188x20cm-physical-resistente-ortobom,/colchao-de-casal-d20-138x188x20cm-physical-resistente-ortobom/p,permanent
/684/colchão-de-casal-freedom-138x188x32cm-ortobom,/colchao-de-casal-freedom-138x188x32cm-ortobom/p,permanent
/595/colchão-de-solteiro-light-super-pocket-88x188x26cm-ortobom,/colchao-de-solteiro-light-super-pocket-88x188x26cm-ortobom/p,permanent
/746/colchao-glamour-casal-138x188x30-eps-molas-ensacadas-eurotop-ortolar,/colchao-glamour-casal-138x188x30-eps-molas-ensacadas-eurotop-ortolar/p,permanent
/748/colchão-glamour-king-193x203x30-eps-molas-ensacadas-eurotop-ortolar,/colchao-glamour-king-193x203x30-eps-molas-ensacadas-eurotop-ortolar/p,permanent
/747/colchao-glamour-queen-158x198x30-eps-molas-ensacadas-eurotop-ortolar,/colchao-glamour-queen-158x198x30-eps-molas-ensacadas-eurotop-ortolar/p,permanent
/685/colchão-king-size-freedom-186x198x32cm-ortobom,/colchao-king-size-freedom-186x198x32cm-ortobom/p,permanent
/686/colchão-king-size-freedom-193x203x32cm-ortobom,/colchao-king-size-freedom-193x203x32cm-ortobom/p,permanent
/692/colchão-king-size-queens-193x203x34cm-molas-ensacadas-gazin,/colchao-king-size-queens-193x203x34cm-molas-ensacadas-gazin/p,permanent
/909/colchão-primeline-hr-queen-158x198x35cm-molas-ensacadas-tampo-em-malha-gazin,/colchao-primeline-hr-queen-158x198x35cm-molas-ensacadas-tampo-em-malha-gazin/p,permanent
/805/colchão-queen-love-story-eps-molas-ensacadas-158x198x30-gazin,/colchao-queen-love-story-eps-molas-ensacadas-158x198x30-gazin/p,permanent
/378/colchão-queen-size-freedom-com-molas-ensacadas-pocket-espuma-selada-d28-e-pilow-158x198x32cm-ortobom,/colchao-queen-size-freedom-com-molas-ensacadas-pocket-espuma-selada-d28-e-pilow-158x198x32cm-ortobom/p,permanent
/611/colchão-queen-size-queens-158x198x34cm-molas-ensacadas-gazin,/colchao-queen-size-queens-158x198x34cm-molas-ensacadas-gazin/p,permanent
/621/colchão-solteiro-d20-valencia-88x188x12cm-topazio,/colchao-solteiro-d20-valencia-88x188x12cm-topazio/p,permanent
/344/colchão-solteiro-physical-d20-resistente-antialérgico-e-antiácaro-ortobom,/colchao-solteiro-physical-d20-resistente-antialergico-e-antiacaro-ortobom/p,permanent
/594/colchão-solteiro-physical-ultra-resistente-com-espuma-d26-20x88x188-cm-ortobom,/colchao-solteiro-physical-ultra-resistente-com-espuma-d26-20x88x188-cm-ortobom/p,permanent
/923/conjunto-box-stylus-king-198x198x60-molas-ensacadas-topázio,/conjunto-box-stylus-king-198x198x60-molas-ensacadas-topazio/p,permanent
/990/conjunto-box-viena-casal-138x188x52cm-molas-ensacadas-topázio,/conjunto-box-viena-casal-138x188x52cm-molas-ensacadas-topazio/p,permanent
/978/conjunto-capri-sofá-3-lugares-com-2-poltronas-e-puff-finezzi,/conjunto-capri-sofa-3-lugares-com-2-poltronas-e-puff-finezzi/p,permanent
/1295/conjunto-de-2-cadeiras-de-jantar-graviola-2cad152ea-kappesberg,/conjunto-de-2-cadeiras-de-jantar-graviola-2cad152ea-kappesberg/p,permanent
/1297/conjunto-de-2-cadeiras-de-jantar-lavanda-2cad150ea-kappesberg,/conjunto-de-2-cadeiras-de-jantar-lavanda-2cad150ea-kappesberg/p,permanent
/1448/conjunto-de-mesa-araguaia-com-4-cadeiras-110x75cm-tuboflex,/conjunto-de-mesa-araguaia-com-4-cadeiras-110x75cm-tuboflex/p,permanent
/1447/conjunto-de-mesa-araguaia-com-6-cadeiras-140x75cm-tuboflex,/conjunto-de-mesa-araguaia-com-6-cadeiras-140x75cm-tuboflex/p,permanent
/1342/conjunto-de-mesa-dala-180x90cm-com-6-cadeiras-bia-dj-móveis,/conjunto-de-mesa-dala-180x90cm-com-6-cadeiras-bia-dj-moveis/p,permanent
/1461/conjunto-de-mesa-de-jantar-dakota-90x90cm-tampo-de-vidro-com-4-cadeiras-napoles-cel-móveis,/conjunto-de-mesa-de-jantar-dakota-90x90cm-tampo-de-vidro-com-4-cadeiras-napoles-cel-moveis/p,permanent
/1237/conjunto-de-mesa-diamante-135x135cm-com-8-cadeiras-verena-cromado-e-tampo-de-vidro-tubform,/conjunto-de-mesa-diamante-135x135cm-com-8-cadeiras-verena-cromado-e-tampo-de-vidro-tubform/p,permanent
/1239/conjunto-de-mesa-diamante-160x90cm-com-6-cadeiras-verena-cromado-e-tampo-de-vidro-tubform,/conjunto-de-mesa-diamante-160x90cm-com-6-cadeiras-verena-cromado-e-tampo-de-vidro-tubform/p,permanent
/1251/conjunto-de-mesa-doha-120x80cm-com-4-cadeiras-amora-cromado-e-tampo-de-mdf-tubform,/conjunto-de-mesa-doha-120x80cm-com-4-cadeiras-amora-cromado-e-tampo-de-mdf-tubform/p,permanent
/1405/conjunto-de-mesa-doha-120x80cm-com-4-cadeiras-amora-em-tubo-de-aço-e-tampo-de-mdf-tubform,/conjunto-de-mesa-doha-120x80cm-com-4-cadeiras-amora-em-tubo-de-aco-e-tampo-de-mdf-tubform/p,permanent
/1249/conjunto-de-mesa-doha-135x80cm-com-6-cadeiras-amora-cromado-e-tampo-de-mdf-tubform,/conjunto-de-mesa-doha-135x80cm-com-6-cadeiras-amora-cromado-e-tampo-de-mdf-tubform/p,permanent
/1404/conjunto-de-mesa-doha-135x80cm-com-6-cadeiras-amora-em-tubo-de-aço-e-tampo-de-mdf-tubform,/conjunto-de-mesa-doha-135x80cm-com-6-cadeiras-amora-em-tubo-de-aco-e-tampo-de-mdf-tubform/p,permanent
/1406/conjunto-de-mesa-doha-90x90cm-com-4-cadeiras-amora-cromado-e-tampo-de-mdf-tubform,/conjunto-de-mesa-doha-90x90cm-com-4-cadeiras-amora-cromado-e-tampo-de-mdf-tubform/p,permanent
/1248/conjunto-de-mesa-leon-120x80cm-com-4-cadeiras-nice-cromado-e-tampo-de-vidro-tubform,/conjunto-de-mesa-leon-120x80cm-com-4-cadeiras-nice-cromado-e-tampo-de-vidro-tubform/p,permanent
/1247/conjunto-de-mesa-leon-150x80cm-com-6-cadeiras-nice-cromado-e-tampo-de-vidro-tubform,/conjunto-de-mesa-leon-150x80cm-com-6-cadeiras-nice-cromado-e-tampo-de-vidro-tubform/p,permanent
/1401/conjunto-de-mesa-madrid-88x88cm-com-4-cadeiras-safira-cromado-e-tampo-de-vidro-6mm-tubform,/conjunto-de-mesa-madrid-88x88cm-com-4-cadeiras-safira-cromado-e-tampo-de-vidro-6mm-tubform/p,permanent
/1244/conjunto-de-mesa-marbella-110cm-com-4-cadeiras-granada-cromado-e-tampo-de-vidro-tubform,/conjunto-de-mesa-marbella-110cm-com-4-cadeiras-granada-cromado-e-tampo-de-vidro-tubform/p,permanent
/1243/conjunto-de-mesa-marbella-120cm-com-5-cadeiras-granada-cromado-e-tampo-de-vidro-tubform,/conjunto-de-mesa-marbella-120cm-com-5-cadeiras-granada-cromado-e-tampo-de-vidro-tubform/p,permanent
/1446/conjunto-de-mesa-mearim-com-4-cadeiras-75x75cm-tuboflex,/conjunto-de-mesa-mearim-com-4-cadeiras-75x75cm-tuboflex/p,permanent
/1403/conjunto-de-mesa-nápoles-120x75cm-com-4-cadeiras-munique-em-aço-e-tampo-de-granito-tubform,/conjunto-de-mesa-napoles-120x75cm-com-4-cadeiras-munique-em-aco-e-tampo-de-granito-tubform/p,permanent
/1402/conjunto-de-mesa-nápoles-140x75cm-com-6-cadeiras-munique-em-aço-e-tampo-de-granito-tubform,/conjunto-de-mesa-napoles-140x75cm-com-6-cadeiras-munique-em-aco-e-tampo-de-granito-tubform/p,permanent
/1246/conjunto-de-mesa-ornata-125x75cm-com-4-cadeiras-ágata-cromado-e-tampo-de-vidro-tubform,/conjunto-de-mesa-ornata-125x75cm-com-4-cadeiras-agata-cromado-e-tampo-de-vidro-tubform/p,permanent
/1245/conjunto-de-mesa-ornata-150x75cm-com-6-cadeiras-ágata-cromado-e-tampo-de-vidro-tubform,/conjunto-de-mesa-ornata-150x75cm-com-6-cadeiras-agata-cromado-e-tampo-de-vidro-tubform/p,permanent
/1241/conjunto-de-mesa-ornata-90x90cm-com-4-cadeiras-verena-cromado-e-tampo-de-vidro-tubform,/conjunto-de-mesa-ornata-90x90cm-com-4-cadeiras-verena-cromado-e-tampo-de-vidro-tubform/p,permanent
/506/conjunto-de-mesa-retangular-milena-com-4-cadeiras-são-carlos,/conjunto-de-mesa-retangular-milena-com-4-cadeiras-sao-carlos/p,permanent
/1398/conjunto-de-mesa-seul-120x80cm-com-4-cadeiras-oslo-em-tubo-de-aço-e-tampo-de-mdf-tubform,/conjunto-de-mesa-seul-120x80cm-com-4-cadeiras-oslo-em-tubo-de-aco-e-tampo-de-mdf-tubform/p,permanent
/1250/conjunto-de-mesa-seul-135x80cm-com-6-cadeiras-oslo-cromado-e-tampo-de-mdf-tubform,/conjunto-de-mesa-seul-135x80cm-com-6-cadeiras-oslo-cromado-e-tampo-de-mdf-tubform/p,permanent
/1397/conjunto-de-mesa-seul-135x80cm-com-6-cadeiras-oslo-em-tubo-de-aço-e-tampo-de-mdf-tubform,/conjunto-de-mesa-seul-135x80cm-com-6-cadeiras-oslo-em-tubo-de-aco-e-tampo-de-mdf-tubform/p,permanent
/1329/conjunto-de-mesa-tais-com-4-cadeiras-star-em-mdf-tuboarte,/conjunto-de-mesa-tais-com-4-cadeiras-star-em-mdf-tuboarte/p,permanent
/1330/conjunto-de-mesa-tais-com-6-cadeiras-star-em-mdf-tuboarte,/conjunto-de-mesa-tais-com-6-cadeiras-star-em-mdf-tuboarte/p,permanent
/1396/conjunto-de-mesa-turquesa-120x75cm-com-4-cadeiras-safira-cromado-com-tampo-granito-tubform,/conjunto-de-mesa-turquesa-120x75cm-com-4-cadeiras-safira-cromado-com-tampo-granito-tubform/p,permanent
/1395/conjunto-de-mesa-turquesa-140x75cm-com-6-cadeiras-safira-cromado-com-tampo-granito-tubform,/conjunto-de-mesa-turquesa-140x75cm-com-6-cadeiras-safira-cromado-com-tampo-granito-tubform/p,permanent
/1400/conjunto-de-mesa-viena-120x75cm-com-4-cadeiras-atenas-cromado-e-tampo-de-granito-tubform,/conjunto-de-mesa-viena-120x75cm-com-4-cadeiras-atenas-cromado-e-tampo-de-granito-tubform/p,permanent
/1399/conjunto-de-mesa-viena-140x75cm-com-6-cadeiras-atenas-cromado-e-tampo-de-granito-tubform,/conjunto-de-mesa-viena-140x75cm-com-6-cadeiras-atenas-cromado-e-tampo-de-granito-tubform/p,permanent
/1343/conjunto-de-mesa-zafira-200x100cm-com-8-cadeiras-bia-dj-móveis,/conjunto-de-mesa-zafira-200x100cm-com-8-cadeiras-bia-dj-moveis/p,permanent
/63/conjunto-de-sofá-napoles-2-e-3-lugares-veludo-jw,/conjunto-de-sofa-napoles-2-e-3-lugares-veludo-jw/p,permanent
/723/conjunto-mesa-ayla-com-tampo-redondo-4-cadeiras-são-carlos,/conjunto-mesa-ayla-com-tampo-redondo-4-cadeiras-sao-carlos/p,permanent
/944/conjunto-mesa-classic-120x80-com-tampo-em-vidro-dakota-com-4-cadeiras-florença-cel-móveis,/conjunto-mesa-classic-120x80-com-tampo-em-vidro-dakota-com-4-cadeiras-florenca-cel-moveis/p,permanent
/481/conjunto-mesa-classic-160x80-com-tampo-em-vidro-dakota-com-6-cadeiras-florença-cel-móveis,/conjunto-mesa-classic-160x80-com-tampo-em-vidro-dakota-com-6-cadeiras-florenca-cel-moveis/p,permanent
/1014/conjunto-mesa-madri-com-4-cadeiras-lisboa-tampo-em-vidro-120x90cm-cel-móveis,/conjunto-mesa-madri-com-4-cadeiras-lisboa-tampo-em-vidro-120x90cm-cel-moveis/p,permanent
/1013/conjunto-mesa-madri-com-6-cadeiras-lisboa-tampo-em-vidro-170x90cm-cel-móveis,/conjunto-mesa-madri-com-6-cadeiras-lisboa-tampo-em-vidro-170x90cm-cel-moveis/p,permanent
/722/conjunto-mesa-retangular-milena-6-cadeiras-são-carlos,/conjunto-mesa-retangular-milena-6-cadeiras-sao-carlos/p,permanent
/1048/conjunto-mesa-retangular-milena-com-4-cadeiras-são-carlos,/conjunto-mesa-retangular-milena-com-4-cadeiras-sao-carlos/p,permanent
/521/conjunto-mesa-retangular-milena-com-6-cadeiras-são-carlos,/conjunto-mesa-retangular-milena-com-6-cadeiras-sao-carlos/p,permanent
/393/cooktop-5-bocas-cd075-facilite-consul,/cooktop-5-bocas-cd075-facilite-consul/p,permanent
/425/cooktop-a-gás-4-bocas-automático-facilite-cd060-consul,/cooktop-a-gas-4-bocas-automatico-facilite-cd060-consul/p,permanent
/308/cooktop-gourmet-4-bocas-super-chama-mesa-em-vidro-esmaltec,/cooktop-gourmet-4-bocas-super-chama-mesa-em-vidro-esmaltec/p,permanent
/325/cooktop-gourmet-com-5-bocas-super-chama-em-vidro-esmaltec,/cooktop-gourmet-com-5-bocas-super-chama-em-vidro-esmaltec/p,permanent
/502/cozinha-compacta-ferrara-em-mdp-6-portas-paraná,/cozinha-compacta-ferrara-em-mdp-6-portas-parana/p,permanent
/1345/cozinha-compacta-pimenta-120cm-com-4-portas-e-2-gavetas-telasul,/cozinha-compacta-pimenta-120cm-com-4-portas-e-2-gavetas-telasul/p,permanent
/1356/cozinha-completa-ágata-com-2-balcões-em-mdf-com-11-portas-e-6-gavetas-tuboarte,/cozinha-completa-agata-com-2-balcoes-em-mdf-com-11-portas-e-6-gavetas-tuboarte/p,permanent
/1451/cozinha-em-l-ágata-260cm-com-vidro-817460-telasul,/cozinha-em-l-agata-260cm-com-vidro-817460-telasul/p,permanent
/1323/cozinha-em-l-urbane-260cm-com-9-portas-2972-kits-paraná,/cozinha-em-l-urbane-260cm-com-9-portas-2972-kits-parana/p,permanent
/497/cozinha-versalhes-3-peças-em-mdp-nicho-para-micro-ondas-paraná,/cozinha-versalhes-3-pecas-em-mdp-nicho-para-micro-ondas-parana/p,permanent
/516/cristaleira-liz-detalhes-em-vidro-henn,/cristaleira-liz-detalhes-em-vidro-henn/p,permanent
/950/depurador-de-ar-slim-60cm-dps162pt-220v-suggar,/depurador-de-ar-slim-60cm-dps162pt-220v-suggar/p,permanent
/397/escrivaninha-office-nt2000-1-gaveta-em-mdp-notável,/escrivaninha-office-nt2000-1-gaveta-em-mdp-notavel/p,permanent
/1101/escrivaninha-office-presence-29300-demóbile,/escrivaninha-office-presence-29300-demobile/p,permanent
/558/estante-alta-li006-linha-crome-industrial-kappesberg,/estante-alta-li006-linha-crome-industrial-kappesberg/p,permanent
/1094/estante-multiuso-office-presence-29540-livreiro-demóbile,/estante-multiuso-office-presence-29540-livreiro-demobile/p,permanent
/954/estofado-de-canto-chicago-5-lugares-gazin,/estofado-de-canto-chicago-5-lugares-gazin/p,permanent
/794/estofado-moscou-retrátil-e-reclinável-abilio,/estofado-moscou-retratil-e-reclinavel-abilio/p,permanent
/26/ferro-a-seco-sahara-com-cabo-giratório-mallory,/ferro-a-seco-sahara-com-cabo-giratorio-mallory/p,permanent
/879/ferro-a-vapor-powergliss-270-ml-1520w-fpo1-fv2834b2-arno,/ferro-a-vapor-powergliss-270-ml-1520w-fpo1-fv2834b2-arno/p,permanent
/1111/ferro-de-passar-a-seco-1000w-fsn-55-b-mondial,/ferro-de-passar-a-seco-1000w-fsn-55-b-mondial/p,permanent
/363/ferro-de-passar-a-seco-vfa1110xm6-black-decker,/ferro-de-passar-a-seco-vfa1110xm6-black-decker/p,permanent
/929/fogão-4-bocas-bf04vae-com-mesa-de-vidro-brastemp,/fogao-4-bocas-bf04vae-com-mesa-de-vidro-brastemp/p,permanent
/999/fogão-best-cook-4-bocas-com-mesa-de-vidro-fgv405pt-suggar,/fogao-best-cook-4-bocas-com-mesa-de-vidro-fgv405pt-suggar/p,permanent
/949/fogão-best-cook-5-bocas-fgv505pt-suggar,/fogao-best-cook-5-bocas-fgv505pt-suggar/p,permanent
/1361/fogão-caribe-4-bocas-com-mesa-inox-4112-esmaltec,/fogao-caribe-4-bocas-com-mesa-inox-4112-esmaltec/p,permanent
/388/fogão-de-piso-4-bocas-ágata-glass-automático-com-mesa-em-vidro-esmaltec,/fogao-de-piso-4-bocas-agata-glass-automatico-com-mesa-em-vidro-esmaltec/p,permanent
/1443/fogão-de-piso-4-bocas-agile-up-glass-com-mesa-de-vidro-300001662-atlas,/fogao-de-piso-4-bocas-agile-up-glass-com-mesa-de-vidro-300001662-atlas/p,permanent
/251/fogão-de-piso-4-bocas-automático-caribe-glass-esmaltec,/fogao-de-piso-4-bocas-automatico-caribe-glass-esmaltec/p,permanent
/350/fogão-de-piso-4-bocas-automático-supreme-glass-com-mesa-em-vidro-dako,/fogao-de-piso-4-bocas-automatico-supreme-glass-com-mesa-em-vidro-dako/p,permanent
/234/fogão-de-piso-4-bocas-cfo4-com-mesa-de-vidro-consul,/fogao-de-piso-4-bocas-cfo4-com-mesa-de-vidro-consul/p,permanent
/288/fogão-de-piso-4-bocas-jade-glass-mesa-em-vidro-temperado-esmaltec,/fogao-de-piso-4-bocas-jade-glass-mesa-em-vidro-temperado-esmaltec/p,permanent
/5/fogão-de-piso-4-bocas-supreme-glass-com-mesa-em-vidro-dako,/fogao-de-piso-4-bocas-supreme-glass-com-mesa-em-vidro-dako/p,permanent
/173/fogão-de-piso-5-bocas-ágata-glass-automático-mesa-de-vidro-esmaltec,/fogao-de-piso-5-bocas-agata-glass-automatico-mesa-de-vidro-esmaltec/p,permanent
/1444/fogão-de-piso-5-bocas-agile-up-glass-com-mesa-de-vidro-300001665-atlas,/fogao-de-piso-5-bocas-agile-up-glass-com-mesa-de-vidro-300001665-atlas/p,permanent
/401/fogão-de-piso-5-bocas-automático-monaco-top-glass-atlas,/fogao-de-piso-5-bocas-automatico-monaco-top-glass-atlas/p,permanent
/131/fogão-de-piso-5-bocas-jade-glass-automático-esmaltec,/fogao-de-piso-5-bocas-jade-glass-automatico-esmaltec/p,permanent
/196/fogão-de-piso-5-bocas-supreme-glass-com-mesa-de-vidro-dako,/fogao-de-piso-5-bocas-supreme-glass-com-mesa-de-vidro-dako/p,permanent
/276/fogão-de-piso-bali-com-6-bocas-e-forno-95-litros-esmaltec,/fogao-de-piso-bali-com-6-bocas-e-forno-95-litros-esmaltec/p,permanent
/354/fogão-de-piso-caribe-com-5-bocas-automático-esmaltec,/fogao-de-piso-caribe-com-5-bocas-automatico-esmaltec/p,permanent
/247/fogão-de-piso-com-4-bocas-automático-forno-58-litros-cfo4-consul,/fogao-de-piso-com-4-bocas-automatico-forno-58-litros-cfo4-consul/p,permanent
/241/fogão-de-piso-com-4-bocas-automático-monaco-top-glass-atlas,/fogao-de-piso-com-4-bocas-automatico-monaco-top-glass-atlas/p,permanent
/57/fogão-de-piso-com-5-bocas-cfs5-acendimento-automático-consul,/fogao-de-piso-com-5-bocas-cfs5-acendimento-automatico-consul/p,permanent
/420/fogão-de-piso-com-5-bocas-e-acendimento-automático-consul,/fogao-de-piso-com-5-bocas-e-acendimento-automatico-consul/p,permanent
/40/fogão-de-piso-com-5-bocas-e-mesa-em-vidro-cfs5-consul,/fogao-de-piso-com-5-bocas-e-mesa-em-vidro-cfs5-consul/p,permanent
/827/fogão-diplomata-4-bocas-com-mesa-de-vidro-dako-atlas,/fogao-diplomata-4-bocas-com-mesa-de-vidro-dako-atlas/p,permanent
/828/fogão-diplomata-5-bocas-com-mesa-de-vidro-dako-atlas,/fogao-diplomata-5-bocas-com-mesa-de-vidro-dako-atlas/p,permanent
/883/fogão-esmeralda-glass-4-bocas-4087-esmaltec,/fogao-esmeralda-glass-4-bocas-4087-esmaltec/p,permanent
/884/fogão-esmeralda-glass-5-bocas-5087-esmaltec,/fogao-esmeralda-glass-5-bocas-5087-esmaltec/p,permanent
/947/fogão-max-cook-plus-4-bocas-fgv404pt-suggar,/fogao-max-cook-plus-4-bocas-fgv404pt-suggar/p,permanent
/223/freezer-horizontal-150-litros-rcfa12-midea,/freezer-horizontal-150-litros-rcfa12-midea/p,permanent
/261/freezer-horizontal-295-litros-9-temperaturas-rcfa32-midea,/freezer-horizontal-295-litros-9-temperaturas-rcfa32-midea/p,permanent
/107/freezer-horizontal-2-tampas-534-litros-com-rodas-chb53-consul,/freezer-horizontal-2-tampas-534-litros-com-rodas-chb53-consul/p,permanent
/143/freezer-horizontal-com-1-tampa-309-litros-1113w-cha31-consul,/freezer-horizontal-com-1-tampa-309-litros-1113w-cha31-consul/p,permanent
/161/freezer-horizontal-com-2-portas-385-litros-rcfb32-midea,/freezer-horizontal-com-2-portas-385-litros-rcfb32-midea/p,permanent
/806/freezer-horizontal-rcfb22-205l-midea,/freezer-horizontal-rcfb22-205l-midea/p,permanent
/219/freezer-vertical-142-litros-com-1-porta-desgelo-manual-cvu20-consul,/freezer-vertical-142-litros-com-1-porta-desgelo-manual-cvu20-consul/p,permanent
/715/frigobar-93-litros-60hz-com-termostato-mrc10b2-b-midea,/frigobar-93-litros-60hz-com-termostato-mrc10b2-b-midea/p,permanent
/364/frigobar-crc08cbbna-1-porta-76-litros-consul,/frigobar-crc08cbbna-1-porta-76-litros-consul/p,permanent
/127/frigobar-crc12cbbna-1-porta-com-gaveta-multiuso-consul,/frigobar-crc12cbbna-1-porta-com-gaveta-multiuso-consul/p,permanent
/365/frigobar-mrc10b2-93-litros-supercapacidade-midea,/frigobar-mrc10b2-93-litros-supercapacidade-midea/p,permanent
/1110/fritadeira-air-fryer-4-litros-1500w-afn-40-bi-mondial,/fritadeira-air-fryer-4-litros-1500w-afn-40-bi-mondial/p,permanent
/1305/fritadeira-air-fryer-4litros-1500w-afn-40-ri-mondial,/fritadeira-air-fryer-4litros-1500w-afn-40-ri-mondial/p,permanent
/831/fritadeira-air-fryer-4-litros-digital-1500w-ce169-multilaser,/fritadeira-air-fryer-4-litros-digital-1500w-ce169-multilaser/p,permanent
/1224/fritadeira-air-fryer-4litros-taste-1400w-goldentec,/fritadeira-air-fryer-4litros-taste-1400w-goldentec/p,permanent
/446/fruteira-baby-3012-pedra-granito-thais,/fruteira-baby-3012-pedra-granito-thais/p,permanent
/267/fruteira-belize-1-porta-e-1-gaveta-em-mdp-notável,/fruteira-belize-1-porta-e-1-gaveta-em-mdp-notavel/p,permanent
/536/fruteira-belize-new-1-porta-e-1-gaveta-notável,/fruteira-belize-new-1-porta-e-1-gaveta-notavel/p,permanent
/526/fruteira-diva-new-com-2-portas-e-1-gaveta-notável,/fruteira-diva-new-com-2-portas-e-1-gaveta-notavel/p,permanent
/762/fruteira-multiuso-com-pedra-65x32-moura,/fruteira-multiuso-com-pedra-65x32-moura/p,permanent
/311/fruteira-para-cozinha-diva-2-portas-e-1-gaveta-notável,/fruteira-para-cozinha-diva-2-portas-e-1-gaveta-notavel/p,permanent
/761/fruteira-vegas-com-pedra-moura,/fruteira-vegas-com-pedra-moura/p,permanent
/1226/gaveteiro-office-versátil-com-chave-1003a-kappesberg,/gaveteiro-office-versatil-com-chave-1003a-kappesberg/p,permanent
/430/geladeira-1-porta-342-litros-crb39-frost-free-facilite-consul,/geladeira-1-porta-342-litros-crb39-frost-free-facilite-consul/p,permanent
/205/geladeira-261-litros-1-porta-cra30-degelo-seco-e-gavetão-consul,/geladeira-261-litros-1-porta-cra30-degelo-seco-e-gavetao-consul/p,permanent
/133/geladeira-2-portas-375-litros-frost-free-com-fresh-zone-brm44-brastemp,/geladeira-2-portas-375-litros-frost-free-com-fresh-zone-brm44-brastemp/p,permanent
/139/geladeira-bre57-com-2-portas-e-443-litros-frost-free-brastemp,/geladeira-bre57-com-2-portas-e-443-litros-frost-free-brastemp/p,permanent
/370/geladeira-com-1-porta-240-litros-cycle-defrost-re31-electrolux,/geladeira-com-1-porta-240-litros-cycle-defrost-re31-electrolux/p,permanent
/662/geladeira-com-2-portas-480-litros-inverter-frost-free-nrbb71pvfxb-panasonic,/geladeira-com-2-portas-480-litros-inverter-frost-free-nrbb71pvfxb-panasonic/p,permanent
/252/geladeira-duplex-260-litros-cycle-defrost-dc35a-electrolux,/geladeira-duplex-260-litros-cycle-defrost-dc35a-electrolux/p,permanent
/178/geladeira-duplex-334-litros-cycle-defrost-crd37-consul,/geladeira-duplex-334-litros-cycle-defrost-crd37-consul/p,permanent
/312/geladeira-duplex-375-litros-frost-free-com-painel-de-led-brm44-brastemp,/geladeira-duplex-375-litros-frost-free-com-painel-de-led-brm44-brastemp/p,permanent
/1442/geladeira-duplex-451-litros-frost-free-crm56-consul,/geladeira-duplex-451-litros-frost-free-crm56-consul/p,permanent
/4/geladeira-duplex-frost-free-371-litros-com-espaço-extrafrio-dfx41-electrolux,/geladeira-duplex-frost-free-371-litros-com-espaco-extrafrio-dfx41-electrolux/p,permanent
/206/geladeira-duplex-frost-free-inverse-443-litros-bre57-brastemp,/geladeira-duplex-frost-free-inverse-443-litros-bre57-brastemp/p,permanent
/754/geladeira-nr-bb71gvfbb-480-litros-2-portas-frost-free-bottom-freezer-panasonic,/geladeira-nr-bb71gvfbb-480-litros-2-portas-frost-free-bottom-freezer-panasonic/p,permanent
/755/geladeira-nr-bt41pd1wb-387-litros-2-portas-frost-free-top-freezer-panasonic,/geladeira-nr-bt41pd1wb-387-litros-2-portas-frost-free-top-freezer-panasonic/p,permanent
/282/grill-compact-uno-guno-760w-placas-antiaderentes-arno,/grill-compact-uno-guno-760w-placas-antiaderentes-arno/p,permanent
/236/grill-master-press-60hz-850w-pg-01-mondial,/grill-master-press-60hz-850w-pg-01-mondial/p,permanent
/845/guarda-roupa-casal-03-portas-04-gavetas-b55-briz,/guarda-roupa-casal-03-portas-04-gavetas-b55-briz/p,permanent
/869/guarda-roupa-casal-6-portas-4-gavetas-com-espelhos-e-pés-chicago-atualle,/guarda-roupa-casal-6-portas-4-gavetas-com-espelhos-e-pes-chicago-atualle/p,permanent
/1222/guarda-roupa-casal-6-portas-e-4-gavetas-com-pés-cb03n560-kappesberg,/guarda-roupa-casal-6-portas-e-4-gavetas-com-pes-cb03n560-kappesberg/p,permanent
/1266/guarda-roupa-casal-azael-6-portas-e-5-gavetas-com-espelho-interno-com-pés-lopas,/guarda-roupa-casal-azael-6-portas-e-5-gavetas-com-espelho-interno-com-pes-lopas/p,permanent
/1325/guarda-roupa-casal-bertha-6-portas-e-4-gavetas-com-espelho-e-pés-móveis-lopas,/guarda-roupa-casal-bertha-6-portas-e-4-gavetas-com-espelho-e-pes-moveis-lopas/p,permanent
/265/guarda-roupa-casal-c533-3-portas-2-gavetas-kappesberg,/guarda-roupa-casal-c533-3-portas-2-gavetas-kappesberg/p,permanent
/1170/guarda-roupa-casal-canela-em-mdf-4-portas-3-gavetas-com-espelho-e-pés-madeform,/guarda-roupa-casal-canela-em-mdf-4-portas-3-gavetas-com-espelho-e-pes-madeform/p,permanent
/517/guarda-roupa-casal-canelato-com-espelho-6-portas-2-gavetas-barcellona,/guarda-roupa-casal-canelato-com-espelho-6-portas-2-gavetas-barcellona/p,permanent
/1258/guarda-roupa-casal-cb07m570-3-portas-e-2-gavetas-com-pés-e-espelhos-kappesberg,/guarda-roupa-casal-cb07m570-3-portas-e-2-gavetas-com-pes-e-espelhos-kappesberg/p,permanent
/549/guarda-roupa-casal-cbj559-de-6-portas-e-3-gavetas-com-espelho-kappesberg,/guarda-roupa-casal-cbj559-de-6-portas-e-3-gavetas-com-espelho-kappesberg/p,permanent
/1008/guarda-roupa-casal-com-6-portas-e-2-gavetas-com-espelho-e-pés-cbpm569-kappesberg,/guarda-roupa-casal-com-6-portas-e-2-gavetas-com-espelho-e-pes-cbpm569-kappesberg/p,permanent
/1007/guarda-roupa-casal-com-6-portas-e-2-gavetas-e-pés-cbpm569-kappesberg,/guarda-roupa-casal-com-6-portas-e-2-gavetas-e-pes-cbpm569-kappesberg/p,permanent
/583/guarda-roupa-casal-e530-6-portas-2-gavetas-kappesberg,/guarda-roupa-casal-e530-6-portas-2-gavetas-kappesberg/p,permanent
/932/guarda-roupa-casal-guarujá-6-portas-e-4-gavetas-64720-demóbile,/guarda-roupa-casal-guaruja-6-portas-e-4-gavetas-64720-demobile/p,permanent
/1166/guarda-roupa-casal-jacarandá-em-mdf-6-portas-3-gavetas-com-espelho-e-pés-madeform,/guarda-roupa-casal-jacaranda-em-mdf-6-portas-3-gavetas-com-espelho-e-pes-madeform/p,permanent
/100/guarda-roupa-casal-palace-2-portas-de-correr-com-4-gavetas-henn,/guarda-roupa-casal-palace-2-portas-de-correr-com-4-gavetas-henn/p,permanent
/257/guarda-roupa-casal-palace-com-2-portas-de-correr-e-4-gavetas-henn,/guarda-roupa-casal-palace-com-2-portas-de-correr-e-4-gavetas-henn/p,permanent
/1167/guarda-roupa-casal-paricá-em-mdf-6-portas-3-gavetas-com-espelho-e-pés-madeform,/guarda-roupa-casal-parica-em-mdf-6-portas-3-gavetas-com-espelho-e-pes-madeform/p,permanent
/1173/guarda-roupa-casal-pitanga-em-mdf-10-portas-3-gavetas-e-pés-madeform,/guarda-roupa-casal-pitanga-em-mdf-10-portas-3-gavetas-e-pes-madeform/p,permanent
/153/guarda-roupa-casal-real-6-portas-2-gavetas-com-espelho-barcellona,/guarda-roupa-casal-real-6-portas-2-gavetas-com-espelho-barcellona/p,permanent
/931/guarda-roupa-casal-residence-3-portas-de-correr-e-2-gavetas--32230pe-demóbile,/guarda-roupa-casal-residence-3-portas-de-correr-e-2-gavetas-32230pe-demobile/p,permanent
/1161/guarda-roupa-clara-plus-casal-3-portas-4-gavetas-com-espelho-e-pés-carioca-móveis,/guarda-roupa-clara-plus-casal-3-portas-4-gavetas-com-espelho-e-pes-carioca-moveis/p,permanent
/917/guarda-roupa-de-casal-tijuca-4-portas-4-gavetas-com-pés-64220-demóbile,/guarda-roupa-de-casal-tijuca-4-portas-4-gavetas-com-pes-64220-demobile/p,permanent
/118/guarda-roupa-infantil-bala-de-menta-3-portas-e-2-gavetas-henn,/guarda-roupa-infantil-bala-de-menta-3-portas-e-2-gavetas-henn/p,permanent
/1202/guarda-roupa-infantil-happy-baby-love-em-mdf-com-3-portas-2-gavetas-e-pés-tuboarte,/guarda-roupa-infantil-happy-baby-love-em-mdf-com-3-portas-2-gavetas-e-pes-tuboarte/p,permanent
/1201/guarda-roupa-infantil-happy-urso-marinheiro-em-mdf-com-3-portas-2-gavetas-e-pés-tuboarte,/guarda-roupa-infantil-happy-urso-marinheiro-em-mdf-com-3-portas-2-gavetas-e-pes-tuboarte/p,permanent
/1200/guarda-roupa-infantil-happy-veloz-blue-em-mdf-com-3-portas-2-gavetas-e-pés-tuboarte,/guarda-roupa-infantil-happy-veloz-blue-em-mdf-com-3-portas-2-gavetas-e-pes-tuboarte/p,permanent
/1206/guarda-roupa-infantil-magia-em-mdf-com-3-portas-2-gavetas-e-pés-tuboarte,/guarda-roupa-infantil-magia-em-mdf-com-3-portas-2-gavetas-e-pes-tuboarte/p,permanent
/1359/guarda-roupa-roma-com-2-portas-de-correr-em-mdf-premium-e-kit-de-pés-tuboarte,/guarda-roupa-roma-com-2-portas-de-correr-em-mdf-premium-e-kit-de-pes-tuboarte/p,permanent
/1165/guarda-roupa-santiago-plus-3-portas-3-gavetas-com-espelho-e-pés-carioca-móveis,/guarda-roupa-santiago-plus-3-portas-3-gavetas-com-espelho-e-pes-carioca-moveis/p,permanent
/1163/guarda-roupa-sevilha-2-portas-de-correr-6-gavetas-com-pés-carioca-móveis,/guarda-roupa-sevilha-2-portas-de-correr-6-gavetas-com-pes-carioca-moveis/p,permanent
/451/guarda-roupa-solteiro-4-portas-2-gavetas-nt5005-notável,/guarda-roupa-solteiro-4-portas-2-gavetas-nt5005-notavel/p,permanent
/195/guarda-roupa-solteiro-4-portas-e-3-gavetas-nt5015-notável,/guarda-roupa-solteiro-4-portas-e-3-gavetas-nt5015-notavel/p,permanent
/1350/guarda-roupa-solteiro-6-portas-e-2-gavetas-com-espelho-e-pés-be368-bs04-briz-henn,/guarda-roupa-solteiro-6-portas-e-2-gavetas-com-espelho-e-pes-be368-bs04-briz-henn/p,permanent
/1349/guarda-roupa-solteiro-bs02-4-portas-e-2-gavetas-com-pés-briz-henn,/guarda-roupa-solteiro-bs02-4-portas-e-2-gavetas-com-pes-briz-henn/p,permanent
/346/guarda-roupa-solteiro-c533-3-portas-2-gavetas-com-pés-kappesberg,/guarda-roupa-solteiro-c533-3-portas-2-gavetas-com-pes-kappesberg/p,permanent
/1171/guarda-roupa-solteiro-canela-em-mdf-2-portas-3-gavetas-com-espelho-e-pés-madeform,/guarda-roupa-solteiro-canela-em-mdf-2-portas-3-gavetas-com-espelho-e-pes-madeform/p,permanent
/1162/guarda-roupa-solteiro-itália-2-portas-2-gavetas-com-espelho-e-pés-carioca-móveis,/guarda-roupa-solteiro-italia-2-portas-2-gavetas-com-espelho-e-pes-carioca-moveis/p,permanent
/995/guarda-roupa-solteiro-nt5000-3-portas-e-2-gavetas-com-pés-notável,/guarda-roupa-solteiro-nt5000-3-portas-e-2-gavetas-com-pes-notavel/p,permanent
/1168/guarda-roupa-solteiro-paricá-em-mdf-4-portas-3-gavetas-com-espelho-e-pés-madeform,/guarda-roupa-solteiro-parica-em-mdf-4-portas-3-gavetas-com-espelho-e-pes-madeform/p,permanent
/347/guarda-roupa-solteiro-real-3-portas-2-gavetas-com-espelho-barcellona,/guarda-roupa-solteiro-real-3-portas-2-gavetas-com-espelho-barcellona/p,permanent
/1174/guarda-roupa-solteiro-sabiá-em-mdf-3-portas-2-gavetas-e-pés-madeform,/guarda-roupa-solteiro-sabia-em-mdf-3-portas-2-gavetas-e-pes-madeform/p,permanent
/189/home-cross-toque-bp-para-tv-até-55-polegadas-lukaliam,/home-cross-toque-bp-para-tv-ate-55-polegadas-lukaliam/p,permanent
/1287/home-maringá-para-tv-até-70-polegadas-com-kit-pés-linea-brasil,/home-maringa-para-tv-ate-70-polegadas-com-kit-pes-linea-brasil/p,permanent
/483/kit-cozinha-b10921-4-portas-1-gaveta-corrediças-metálicas-briz,/kit-cozinha-b10921-4-portas-1-gaveta-corredicas-metalicas-briz/p,permanent
/243/kit-cozinha-compacta-sense-com-7-portas-e-3-gavetas-kappesberg,/kit-cozinha-compacta-sense-com-7-portas-e-3-gavetas-kappesberg/p,permanent
/772/kit-cozinha-compacta-siena-6-portas-1-gaveta-salleto,/kit-cozinha-compacta-siena-6-portas-1-gaveta-salleto/p,permanent
/936/kit-cozinha-harmonia-6-portas-e-2-gavetas-96201-demóbile,/kit-cozinha-harmonia-6-portas-e-2-gavetas-96201-demobile/p,permanent
/935/kit-cozinha-malta-4-portas-e-1-gaveta-91401-demóbile,/kit-cozinha-malta-4-portas-e-1-gaveta-91401-demobile/p,permanent
/535/kit-cozinha-ravena-em-mdp-4-portas-e-3-gavetas-paraná,/kit-cozinha-ravena-em-mdp-4-portas-e-3-gavetas-parana/p,permanent
/1051/kit-cozinha-rubi-165cm-com-7-portas-2-gavetas-salleto,/kit-cozinha-rubi-165cm-com-7-portas-2-gavetas-salleto/p,permanent
/323/kit-cozinha-rubi-6-portas-1-gaveta-em-aço-telasul,/kit-cozinha-rubi-6-portas-1-gaveta-em-aco-telasul/p,permanent
/471/kit-cozinha-star-3-portas-de-vidro-com-2-gavetas-telasul,/kit-cozinha-star-3-portas-de-vidro-com-2-gavetas-telasul/p,permanent
/739/kit-estofado-lua-e-2-poltronas-e-puff-confort,/kit-estofado-lua-e-2-poltronas-e-puff-confort/p,permanent
/837/kit-forno-e-microondas-botanic-70cm-3-portas-m627-kappesberg,/kit-forno-e-microondas-botanic-70cm-3-portas-m627-kappesberg/p,permanent
/1439/kit-forno-maxxi-70cm-4-portas-1-gaveta-g751-kappesberg,/kit-forno-maxxi-70cm-4-portas-1-gaveta-g751-kappesberg/p,permanent
/573/kit-genova-2479-6-portas-1-gaveta-kits-paraná,/kit-genova-2479-6-portas-1-gaveta-kits-parana/p,permanent
/893/lavadora-de-alta-pressão-atacama-smart-2200-1400w-wap,/lavadora-de-alta-pressao-atacama-smart-2200-1400w-wap/p,permanent
/65/lavadora-de-roupas-lavamax-10kg-lx1022br-415w-suggar,/lavadora-de-roupas-lavamax-10kg-lx1022br-415w-suggar/p,permanent
/1155/lavadora-de-roupas-lavamax-eco-20kg-le2002pr-suggar,/lavadora-de-roupas-lavamax-eco-20kg-le2002pr-suggar/p,permanent
/125/lavadora-lavete-eco-ml81-semi-automática-10kg-5-programas-arno,/lavadora-lavete-eco-ml81-semi-automatica-10kg-5-programas-arno/p,permanent
/1257/liquidificador-900w-4-velocidades-plq950v-philco,/liquidificador-900w-4-velocidades-plq950v-philco/p,permanent
/1310/liquidificador-daily-550w-ri2110-philips-walita,/liquidificador-daily-550w-ri2110-philips-walita/p,permanent
/1299/liquidificador-fast-mix-520w-2-velocidades-e-pulsar-mallory,/liquidificador-fast-mix-520w-2-velocidades-e-pulsar-mallory/p,permanent
/1112/liquidificador-l-1000-1000w-3-litros-mondial,/liquidificador-l-1000-1000w-3-litros-mondial/p,permanent
/416/liquidificador-power-l550-500w-mondial,/liquidificador-power-l550-500w-mondial/p,permanent
/18/liquidificador-power-max-15-velocidades-1000w-ln55-arno,/liquidificador-power-max-15-velocidades-1000w-ln55-arno/p,permanent
/296/liquidificador-power-mix-lq12-550w-2-litros-arno,/liquidificador-power-mix-lq12-550w-2-litros-arno/p,permanent
/809/liquidificador-turbo-1100w-12-velocidades-l-1100-bi-60hz-mondial,/liquidificador-turbo-1100w-12-velocidades-l-1100-bi-60hz-mondial/p,permanent
/887/mesa-de-cabeceira-com-2-gavetas-kappesberg,/mesa-de-cabeceira-com-2-gavetas-kappesberg/p,permanent
/382/mesa-de-centro-milão-em-mdp-lukaliam,/mesa-de-centro-milao-em-mdp-lukaliam/p,permanent
/1211/mesa-de-jantar-celebrare-4-lugares-100x100cm-com-tampo-redondo-de-vidro-lopas,/mesa-de-jantar-celebrare-4-lugares-100x100cm-com-tampo-redondo-de-vidro-lopas/p,permanent
/1294/mesa-de-jantar-graviola-para-6-lugares-170x90cm-tampo-de-vidro-ba29-ta52-kappesberg,/mesa-de-jantar-graviola-para-6-lugares-170x90cm-tampo-de-vidro-ba29-ta52-kappesberg/p,permanent
/1296/mesa-de-jantar-lavanda-para-4-lugares-105cm-redonda-com-tampo-de-vidro-ba45-ta43-kappesberg,/mesa-de-jantar-lavanda-para-4-lugares-105cm-redonda-com-tampo-de-vidro-ba45-ta43-kappesberg/p,permanent
/1231/mesa-diretor-office-versátil-150cm-1150-kappesberg,/mesa-diretor-office-versatil-150cm-1150-kappesberg/p,permanent
/757/mesa-gamer-em-mdp-nt2065-notável,/mesa-gamer-em-mdp-nt2065-notavel/p,permanent
/250/mesa-home-office-51015-para-quarto-e-escritório-2-gavetas-notável,/mesa-home-office-51015-para-quarto-e-escritorio-2-gavetas-notavel/p,permanent
/482/mesa-office-51015-com-2-gavetas-notável,/mesa-office-51015-com-2-gavetas-notavel/p,permanent
/1388/mesa-office-escrivaninha-com-1-gaveta-nt2070-notável,/mesa-office-escrivaninha-com-1-gaveta-nt2070-notavel/p,permanent
/1387/mesa-office-escrivaninha-em-l-com-2-portas-e-3-gavetas-nt2005-notável,/mesa-office-escrivaninha-em-l-com-2-portas-e-3-gavetas-nt2005-notavel/p,permanent
/543/mesa-office-nt2000-com-1-gaveta-em-mdp-notável,/mesa-office-nt2000-com-1-gaveta-em-mdp-notavel/p,permanent
/2/mesa-office-nt-2010-com-2-gavetas-e-3-prateleiras-notável,/mesa-office-nt-2010-com-2-gavetas-e-3-prateleiras-notavel/p,permanent
/822/mesa-para-computador-136cm-crome-industrial-li003-kappesberg,/mesa-para-computador-136cm-crome-industrial-li003-kappesberg/p,permanent
/144/mesa-para-computador-byte-com-2-gavetas-valdemóveis,/mesa-para-computador-byte-com-2-gavetas-valdemoveis/p,permanent
/31/mesa-para-computador-vicenza-1-gaveta-toque-bp-lukaliam,/mesa-para-computador-vicenza-1-gaveta-toque-bp-lukaliam/p,permanent
/23/mesa-para-computador-vicenza-toque-bp-1-gaveta-lukaliam,/mesa-para-computador-vicenza-toque-bp-1-gaveta-lukaliam/p,permanent
/1230/mesa-secretária-office-versátil-123cm-1120-kappesberg,/mesa-secretaria-office-versatil-123cm-1120-kappesberg/p,permanent
/1304/mini-processador-100w-apr1001-amvox,/mini-processador-100w-apr1001-amvox/p,permanent
/1006/multiprocessador-multichef-4-em-1-600w-mp60-arno,/multiprocessador-multichef-4-em-1-600w-mp60-arno/p,permanent
/1309/multiprocessador-powerchop-600w-e-3-acessórios-inclusos-ri7300-da-philips-walita,/multiprocessador-powerchop-600w-e-3-acessorios-inclusos-ri7300-da-philips-walita/p,permanent
/899/multiuso-2-portas-com-chave-nt4020-notável,/multiuso-2-portas-com-chave-nt4020-notavel/p,permanent
/360/multiuso-fruteira-gramado-1-porta-barcellona,/multiuso-fruteira-gramado-1-porta-barcellona/p,permanent
/825/painel-136cm-crome-industrial-li027-kappesberg,/painel-136cm-crome-industrial-li027-kappesberg/p,permanent
/1390/painel-para-tv-até-55-polegadas-nt1165-notável,/painel-para-tv-ate-55-polegadas-nt1165-notavel/p,permanent
/419/painel-para-tv-até-60-polegadas-com-prateleiras-nt1110-notável,/painel-para-tv-ate-60-polegadas-com-prateleiras-nt1110-notavel/p,permanent
/488/painel-para-tv-até-65-polegadas-nt1110-notável,/painel-para-tv-ate-65-polegadas-nt1110-notavel/p,permanent
/1353/painel-paris-para-tv-até-70-polegadas-com-led-lukaliam,/painel-paris-para-tv-ate-70-polegadas-com-led-lukaliam/p,permanent
/695/paneleiro-duplo-rubi-4-portas-1-gaveta-em-aço-telasul,/paneleiro-duplo-rubi-4-portas-1-gaveta-em-aco-telasul/p,permanent
/1093/paneleiro-firenze-2-portas-de-vidro-2-portas-mdp-94551-demóbile,/paneleiro-firenze-2-portas-de-vidro-2-portas-mdp-94551-demobile/p,permanent
/1129/paneleiro-karine-2-portas-4-prateleiras-em-mdf-premium-madeform,/paneleiro-karine-2-portas-4-prateleiras-em-mdf-premium-madeform/p,permanent
/1054/paneleiro-rubi-duplo-suspenso-com-6-portas-81131301-telasul,/paneleiro-rubi-duplo-suspenso-com-6-portas-81131301-telasul/p,permanent
/1315/paneleiro-torre-quente-bm300-com-4-portas-e-espaço-para-forno-b232-briz-henn,/paneleiro-torre-quente-bm300-com-4-portas-e-espaco-para-forno-b232-briz-henn/p,permanent
/921/penteadeira-camarim-carisma-2-portas-e-3-gavetas-com-espelho-e-led-5950-demóbile,/penteadeira-camarim-carisma-2-portas-e-3-gavetas-com-espelho-e-led-5950-demobile/p,permanent
/187/penteadeira-diva-1-porta-2-gavetas-em-mdp-tuboarte,/penteadeira-diva-1-porta-2-gavetas-em-mdp-tuboarte/p,permanent
/73/poltrona-estofada-europa-jw,/poltrona-estofada-europa-jw/p,permanent
/704/poltrona-estofada-reclinável-michelly-moura,/poltrona-estofada-reclinavel-michelly-moura/p,permanent
/1433/poltrona-europa-premium-jw-estofados,/poltrona-europa-premium-jw-estofados/p,permanent
/582/poltrona-reclinável-com-pés-em-pvc-dubai-jw,/poltrona-reclinavel-com-pes-em-pvc-dubai-jw/p,permanent
/689/puff-confortável-em-suede-maceio-finezzi,/puff-confortavel-em-suede-maceio-finezzi/p,permanent
/561/rack-ageo-para-tv-até-60-polegadas-2-portas-com-espelho-dj-móveis,/rack-ageo-para-tv-ate-60-polegadas-2-portas-com-espelho-dj-moveis/p,permanent
/1391/rack-bancada-180cm-para-tv-até-70-polegadas-nt1290-notável,/rack-bancada-180cm-para-tv-ate-70-polegadas-nt1290-notavel/p,permanent
/1026/rack-com-painel-cronos-para-tv-até-50-polegadas-madetec,/rack-com-painel-cronos-para-tv-ate-50-polegadas-madetec/p,permanent
/48/rack-com-painel-malaga-atualle,/rack-com-painel-malaga-atualle/p,permanent
/1213/roupeiro-andara-casal-8-portas-e-4-gavetas-com-pés-lopas,/roupeiro-andara-casal-8-portas-e-4-gavetas-com-pes-lopas/p,permanent
/1212/roupeiro-lani-casal-com-2-portas-flex-e-2-gavetas-com-espelho-e-pés-lopas,/roupeiro-lani-casal-com-2-portas-flex-e-2-gavetas-com-espelho-e-pes-lopas/p,permanent
/764/roupeiro-nt5170-capelinha-2-portas-e-3-gavetas-com-espelho-e-pés-notavel,/roupeiro-nt5170-capelinha-2-portas-e-3-gavetas-com-espelho-e-pes-notavel/p,permanent
/179/sanduicheira-60hz-750w-2-em-1-s-20-mondial,/sanduicheira-60hz-750w-2-em-1-s-20-mondial/p,permanent
/1455/sanduicheira-ams-375-antiaderente-amvox,/sanduicheira-ams-375-antiaderente-amvox/p,permanent
/1456/sanduicheira-ams-500-antiaderente-750w-amvox,/sanduicheira-ams-500-antiaderente-750w-amvox/p,permanent
/443/sanduicheira-grill-ce044-750w-multilaser,/sanduicheira-grill-ce044-750w-multilaser/p,permanent
/1042/sanduicheira-grill-com-placas-antiaderentes-sacb-sm210884-arno,/sanduicheira-grill-com-placas-antiaderentes-sacb-sm210884-arno/p,permanent
/147/sanduicheira-grill-sacs-sm2121d84-placas-antiaderente-arno,/sanduicheira-grill-sacs-sm2121d84-placas-antiaderente-arno/p,permanent
/959/sapateira-alaska-new-com-2-portas-notável,/sapateira-alaska-new-com-2-portas-notavel/p,permanent
/824/sapateira-crome-industrial-li020-kappesberg,/sapateira-crome-industrial-li020-kappesberg/p,permanent
/200/sapateira-duetto-1-porta-com-espelho-6-nichos-henn,/sapateira-duetto-1-porta-com-espelho-6-nichos-henn/p,permanent
/1164/sapateira-multiuso-marica-premium-2-portas-com-espelho-e-pés-carioca-móveis,/sapateira-multiuso-marica-premium-2-portas-com-espelho-e-pes-carioca-moveis/p,permanent
/217/secador-de-cabelo-travel-1500-2-velocidades-mallory,/secador-de-cabelo-travel-1500-2-velocidades-mallory/p,permanent
/1278/smart-tv-32-polegadas-hd-hdr10-android-tv-e-borda-infinita-aws-tv-32-bl-02-a-aiwa,/smart-tv-32-polegadas-hd-hdr10-android-tv-e-borda-infinita-aws-tv-32-bl-02-a-aiwa/p,permanent
/1276/smart-tv-32-polegadas-hd-hdr-android-tv-com-borda-infinita-32s615-semp-tcl,/smart-tv-32-polegadas-hd-hdr-android-tv-com-borda-infinita-32s615-semp-tcl/p,permanent
/1277/smart-tv-32-polegadas-hd-roku-tv-e-borda-infinita-32s5135-78g-aoc,/smart-tv-32-polegadas-hd-roku-tv-e-borda-infinita-32s5135-78g-aoc/p,permanent
/1282/smart-tv-43-polegadas-full-hd-dled-android-tv-tl046m-multilaser,/smart-tv-43-polegadas-full-hd-dled-android-tv-tl046m-multilaser/p,permanent
/1306/smart-tv-43-polegadas-led-full-hd-roku-tv-com-borda-infinita-43s5135-78g-aoc,/smart-tv-43-polegadas-led-full-hd-roku-tv-com-borda-infinita-43s5135-78g-aoc/p,permanent
/1283/smart-tv-55-polegadas-4k-dled-android-tv-tl057m-multilaser,/smart-tv-55-polegadas-4k-dled-android-tv-tl057m-multilaser/p,permanent
/1285/smart-tv-55-polegadas-4k-uhd-hdr-google-tv-com-borda-infinita-55p635-semp-tcl,/smart-tv-55-polegadas-4k-uhd-hdr-google-tv-com-borda-infinita-55p635-semp-tcl/p,permanent
/1280/smart-tv-55-polegadas-4k-ultra-hd-android-tv-e-borda-infinita-aws-tv-55-bl-01-a-aiwa,/smart-tv-55-polegadas-4k-ultra-hd-android-tv-e-borda-infinita-aws-tv-55-bl-01-a-aiwa/p,permanent
/1286/smart-tv-65-polegadas-4k-uhd-hdr-google-tv-com-borda-infinita-65p735-semp-tcl,/smart-tv-65-polegadas-4k-uhd-hdr-google-tv-com-borda-infinita-65p735-semp-tcl/p,permanent
/1044/smart-tv-roku-50-polegadas-4k-50u6125-78g-série-6125-aoc,/smart-tv-roku-50-polegadas-4k-50u6125-78g-serie-6125-aoc/p,permanent
/796/sofá-cama-celta-kappesberg,/sofa-cama-celta-kappesberg/p,permanent
/1207/sofá-creta-230cm-confort-com-molas-ensacadas-retrátil-e-reclinável-thais,/sofa-creta-230cm-confort-com-molas-ensacadas-retratil-e-reclinavel-thais/p,permanent
/434/tábua-de-passar-roupa-florence-1-porta-estrutura-em-mdp-notável,/tabua-de-passar-roupa-florence-1-porta-estrutura-em-mdp-notavel/p,permanent
/17/tábua-de-passar-roupas-criativa-para-lavanderia-2-portas-e-porta-ferro-notável,/tabua-de-passar-roupas-criativa-para-lavanderia-2-portas-e-porta-ferro-notavel/p,permanent
/915/tampo-para-balcão-120cm-botanic-kappesberg,/tampo-para-balcao-120cm-botanic-kappesberg/p,permanent
/914/tampo-para-balcão-80cm-botanic-kappesberg,/tampo-para-balcao-80cm-botanic-kappesberg/p,permanent
/843/tampo-para-balcão-bm300-80cm-b223-briz,/tampo-para-balcao-bm300-80cm-b223-briz/p,permanent
/115/tampo-para-balcão-de-cozinha-60cm-e603-kappesberg,/tampo-para-balcao-de-cozinha-60cm-e603-kappesberg/p,permanent
/412/tampo-para-balcão-s510-60cm-kappesberg,/tampo-para-balcao-s510-60cm-kappesberg/p,permanent
/104/tampo-para-balcão-s515-120cm-kappesberg,/tampo-para-balcao-s515-120cm-kappesberg/p,permanent
/979/unibox-macro-casal-138x188x54cm-molas-ensacadas-topázio,/unibox-macro-casal-138x188x54cm-molas-ensacadas-topazio/p,permanent
/980/unibox-macro-queen-158x198x54cm-molas-ensacadas-topázio,/unibox-macro-queen-158x198x54cm-molas-ensacadas-topazio/p,permanent
/976/unibox-santorini-casal-138x188x43cm-ortopédico-topazio,/unibox-santorini-casal-138x188x43cm-ortopedico-topazio/p,permanent
/1160/unibox-tulipa-casal-138x188x52cm-molas-bonnel-thais,/unibox-tulipa-casal-138x188x52cm-molas-bonnel-thais/p,permanent
/1159/unibox-tulipa-solteiro-88x188x52cm-molas-bonnel-thais,/unibox-tulipa-solteiro-88x188x52cm-molas-bonnel-thais/p,permanent
/848/vaporizador-orion-220ml-mallory,/vaporizador-orion-220ml-mallory/p,permanent
/888/vaporizador-portátil-1000w-wapore-fast-wap,/vaporizador-portatil-1000w-wapore-fast-wap/p,permanent
/814/ventilador-de-coluna-40cm-super-power-3-velocidades-6-pás-vsp-40c-mondial,/ventilador-de-coluna-40cm-super-power-3-velocidades-6-pas-vsp-40c-mondial/p,permanent
/813/ventilador-de-coluna-40cm-turbo-force-3-velocidades-6-pás-vfc4-arno,/ventilador-de-coluna-40cm-turbo-force-3-velocidades-6-pas-vfc4-arno/p,permanent
/1047/ventilador-de-coluna-50cm-xtreme-force-breeze-vb52-arno,/ventilador-de-coluna-50cm-xtreme-force-breeze-vb52-arno/p,permanent
/1143/ventilador-de-coluna-e-mesa-40cm-xtreme-force-breeze-2em1-vbm2-arno,/ventilador-de-coluna-e-mesa-40cm-xtreme-force-breeze-2em1-vbm2-arno/p,permanent
/1025/ventilador-de-mesa-30cm-super-power-6-pás-60w-vsp-30-b-mondial,/ventilador-de-mesa-30cm-super-power-6-pas-60w-vsp-30-b-mondial/p,permanent
/1327/ventilador-de-mesa-30cm-turbo-compact-com-6-pás-b94401862-mallory,/ventilador-de-mesa-30cm-turbo-compact-com-6-pas-b94401862-mallory/p,permanent
/1109/ventilador-de-mesa-30cm-vsp-30-w-mondial,/ventilador-de-mesa-30cm-vsp-30-w-mondial/p,permanent
/1298/ventilador-de-mesa-40cm-turbo-fresh-com-6-pás-b94401912-mallory,/ventilador-de-mesa-40cm-turbo-fresh-com-6-pas-b94401912-mallory/p,permanent
/1301/ventilador-de-mesa-40cm-vb40-xtreme-force-breeze-ve3500b4-arno,/ventilador-de-mesa-40cm-vb40-xtreme-force-breeze-ve3500b4-arno/p,permanent
/891/ventilador-de-mesa-e-parede-40cm-6-pás-turbo-force-2em1-vf42-arno,/ventilador-de-mesa-e-parede-40cm-6-pas-turbo-force-2em1-vf42-arno/p,permanent
/20/ventilador-de-mesa-super-force-repelente-3-velocidades-ve2720b4-arno,/ventilador-de-mesa-super-force-repelente-3-velocidades-ve2720b4-arno/p,permanent
/326/ventilador-de-parede-50cm-150w-ventura-5425-venti-delta,/ventilador-de-parede-50cm-150w-ventura-5425-venti-delta/p,permanent
/74/ventilador-de-parede-60cm-ventura-6425-3-pás-venti-delta,/ventilador-de-parede-60cm-ventura-6425-3-pas-venti-delta/p,permanent
